Unnamed: 0,step,station,pH,DO,turbidity,temperature,status,anomaly_score,suspected_source,propagation_detected,treatment_required,treatment_cycles,treatment_success
0,1,S1,6.8,5.92,21.88,25.99,NORMAL,0.06,NONE,False,False,0,True
1,1,S2,6.83,6.46,21.01,24.31,NORMAL,0.16,NONE,False,False,0,True
2,1,S3,6.98,6.35,20.95,25.34,NORMAL,0.15,NONE,False,False,0,True
3,1,S4,7.32,6.4,19.31,25.33,NORMAL,0.2,NONE,False,False,0,True
4,1,S5,6.87,6.51,20.09,25.98,NORMAL,0.16,NONE,False,False,0,True
5,2,S1,7.04,4.0,49.99,23.77,ANOMALY,0.94,S1,False,True,1,True
6,2,S2,7.1,6.52,22.02,24.38,NORMAL,0.23,NONE,False,False,0,True
7,2,S3,6.83,6.9,19.69,25.82,NORMAL,0.1,NONE,False,False,0,True
8,2,S4,7.02,2.67,49.37,25.07,ANOMALY,0.82,S4,False,True,1,True
9,2,S5,7.0,5.97,20.86,26.15,NORMAL,0.27,NONE,False,False,0,True
10,3,S1,7.27,5.88,22.21,24.82,NORMAL,0.18,NONE,False,False,0,True
11,3,S2,6.99,5.5,19.19,26.03,NORMAL,0.18,NONE,False,False,0,True
12,3,S3,6.81,5.63,21.14,26.15,NORMAL,0.2,NONE,False,False,0,True
13,3,S4,7.27,6.03,20.65,25.08,NORMAL,0.08,NONE,False,False,0,True
14,3,S5,6.97,5.31,19.0,24.91,NORMAL,0.02,NONE,False,False,0,True
15,4,S1,7.22,5.86,19.03,25.22,NORMAL,0.28,NONE,False,False,0,True
16,4,S2,6.98,5.6,19.01,24.23,NORMAL,0.08,NONE,False,False,0,True
17,4,S3,6.9,6.25,21.42,26.45,NORMAL,0.12,NONE,False,False,0,True
18,4,S4,7.09,6.01,20.41,23.91,NORMAL,0.3,NONE,False,False,0,True
19,4,S5,7.18,5.75,18.78,25.65,NORMAL,0.17,NONE,False,False,0,True
20,5,S1,6.99,5.91,20.35,23.13,NORMAL,0.04,NONE,False,False,0,True
21,5,S2,6.78,5.15,22.44,23.74,NORMAL,0.14,NONE,False,False,0,True
22,5,S3,7.2,6.23,17.4,24.13,NORMAL,0.29,NONE,False,False,0,True
23,5,S4,7.0,6.44,19.34,24.32,NORMAL,0.14,NONE,False,False,0,True
24,5,S5,6.74,5.82,20.26,24.94,NORMAL,0.04,NONE,False,False,0,True
25,6,S1,6.86,5.6,17.33,22.92,NORMAL,0.06,NONE,False,False,0,True
26,6,S2,7.04,4.43,47.98,23.38,ANOMALY,0.75,S2,False,True,1,True
27,6,S3,6.84,5.88,24.49,25.34,NORMAL,0.3,NONE,False,False,0,True
28,6,S4,7.0,5.69,22.47,24.81,NORMAL,0.15,NONE,False,False,0,True
29,6,S5,6.84,5.59,20.0,23.17,NORMAL,0.23,NONE,False,False,0,True
30,7,S1,6.83,5.13,48.99,24.91,ANOMALY,0.9,S1,False,True,1,True
31,7,S2,6.82,6.06,19.64,25.27,NORMAL,0.1,NONE,False,False,0,True
32,7,S3,7.09,5.68,19.89,24.87,NORMAL,0.2,NONE,False,False,0,True
33,7,S4,6.93,6.39,19.65,24.32,NORMAL,0.2,NONE,False,False,0,True
34,7,S5,7.22,3.68,52.37,26.35,ANOMALY,0.8,S5,False,True,1,True
35,8,S1,7.16,5.69,16.61,25.29,NORMAL,0.25,NONE,False,False,0,True
36,8,S2,7.29,6.17,22.29,24.96,NORMAL,0.11,NONE,False,False,0,True
37,8,S3,7.0,6.3,25.79,25.44,NORMAL,0.03,NONE,False,False,0,True
38,8,S4,6.8,6.09,17.07,26.0,NORMAL,0.1,NONE,False,False,0,True
39,8,S5,7.19,6.43,22.81,24.81,NORMAL,0.2,NONE,False,False,0,True
40,9,S1,7.03,5.39,19.55,24.72,NORMAL,0.05,NONE,False,False,0,True
41,9,S2,7.3,6.03,18.18,24.65,NORMAL,0.03,NONE,False,False,0,True
42,9,S3,6.91,6.38,17.04,24.27,NORMAL,0.23,NONE,False,False,0,True
43,9,S4,7.15,4.21,52.03,24.48,ANOMALY,0.74,S4,False,True,3,True
44,9,S5,7.16,4.65,47.92,22.99,ANOMALY,0.82,S5,False,True,2,True
45,10,S1,7.42,4.06,49.82,26.37,ANOMALY,0.9,S1,False,True,1,True
46,10,S2,6.98,3.61,49.24,23.95,ANOMALY,0.78,S2,False,True,2,True
47,10,S3,7.01,6.24,17.36,25.43,NORMAL,0.05,NONE,False,False,0,True
48,10,S4,6.98,6.47,19.34,23.93,NORMAL,0.17,NONE,False,False,0,True
49,10,S5,6.86,6.47,19.63,25.72,NORMAL,0.01,NONE,False,False,0,True
50,11,S1,7.01,3.92,49.66,24.96,ANOMALY,0.86,S1,False,True,3,True
51,11,S2,6.99,6.8,17.26,23.91,NORMAL,0.24,NONE,False,False,0,True
52,11,S3,7.01,5.78,20.03,23.78,NORMAL,0.15,NONE,False,False,0,True
53,11,S4,6.78,6.77,20.55,22.91,NORMAL,0.27,NONE,False,False,0,True
54,11,S5,7.18,6.23,23.46,27.24,NORMAL,0.08,NONE,False,False,0,True
55,12,S1,7.01,3.88,46.68,24.68,ANOMALY,0.88,S1,False,True,2,True
56,12,S2,7.14,5.96,17.93,24.23,NORMAL,0.01,NONE,False,False,0,True
57,12,S3,6.96,4.14,48.78,25.81,ANOMALY,0.81,S3,False,True,3,True
58,12,S4,7.4,5.98,20.89,25.75,NORMAL,0.02,NONE,False,False,0,True
59,12,S5,6.96,4.38,52.04,23.5,ANOMALY,0.72,S5,False,True,2,True
60,13,S1,6.97,6.59,22.16,22.45,NORMAL,0.27,NONE,False,False,0,True
61,13,S2,7.15,5.96,18.57,25.56,NORMAL,0.05,NONE,False,False,0,True
62,13,S3,6.88,6.58,21.61,24.84,NORMAL,0.26,NONE,False,False,0,True
63,13,S4,6.66,6.57,19.42,25.07,NORMAL,0.12,NONE,False,False,0,True
64,13,S5,7.32,5.73,23.94,23.36,NORMAL,0.04,NONE,False,False,0,True
65,14,S1,6.75,5.59,20.26,24.09,NORMAL,0.12,NONE,False,False,0,True
66,14,S2,7.08,3.38,50.45,26.65,ANOMALY,0.92,S2,False,True,2,True
67,14,S3,7.04,5.89,17.83,24.83,NORMAL,0.25,NONE,False,False,0,True
68,14,S4,7.08,5.82,18.81,24.83,NORMAL,0.24,NONE,False,False,0,True
69,14,S5,6.71,6.13,19.91,26.61,NORMAL,0.11,NONE,False,False,0,True
70,15,S1,7.24,4.7,45.15,24.54,ANOMALY,0.97,S1,False,True,3,True
71,15,S2,7.26,6.28,19.24,24.3,NORMAL,0.03,NONE,False,False,0,True
72,15,S3,6.87,6.64,23.56,23.39,NORMAL,0.26,NONE,False,False,0,True
73,15,S4,6.68,3.59,50.06,24.57,ANOMALY,0.84,S4,False,True,1,True
74,15,S5,7.16,6.17,22.11,23.04,NORMAL,0.13,NONE,False,False,0,True
75,16,S1,7.05,4.19,50.14,25.04,ANOMALY,0.93,S1,False,True,2,True
76,16,S2,6.91,5.84,17.24,26.33,NORMAL,0.13,NONE,False,False,0,True
77,16,S3,6.95,5.51,19.88,24.85,NORMAL,0.05,NONE,False,False,0,True
78,16,S4,7.21,5.95,23.81,24.85,NORMAL,0.15,NONE,False,False,0,True
79,16,S5,6.72,6.26,22.66,25.72,NORMAL,0.15,NONE,False,False,0,True
80,17,S1,7.25,6.93,19.85,23.12,NORMAL,0.27,NONE,False,False,0,True
81,17,S2,7.19,4.37,49.21,25.7,ANOMALY,0.92,S2,False,True,3,True
82,17,S3,6.67,5.24,20.28,26.01,NORMAL,0.17,NONE,False,False,0,True
83,17,S4,6.91,5.86,20.62,25.16,NORMAL,0.07,NONE,False,False,0,True
84,17,S5,6.57,5.98,14.75,26.01,NORMAL,0.0,NONE,False,False,0,True
85,18,S1,6.82,6.32,17.5,24.94,NORMAL,0.23,NONE,False,False,0,True
86,18,S2,7.0,3.67,54.03,23.67,ANOMALY,0.98,S2,False,True,3,True
87,18,S3,6.9,5.83,22.32,25.27,NORMAL,0.17,NONE,False,False,0,True
88,18,S4,7.03,3.72,50.8,23.89,ANOMALY,0.86,S4,False,True,1,True
89,18,S5,7.16,5.27,20.38,24.9,NORMAL,0.16,NONE,False,False,0,True
90,19,S1,7.28,4.25,53.5,25.55,ANOMALY,0.89,S1,False,True,2,True
91,19,S2,7.18,5.33,20.99,25.18,NORMAL,0.28,NONE,False,False,0,True
92,19,S3,7.13,4.02,49.48,27.89,ANOMALY,0.89,S3,False,True,2,True
93,19,S4,7.27,3.92,47.25,24.46,ANOMALY,0.9,S4,False,True,2,True
94,19,S5,7.0,5.72,21.29,25.04,NORMAL,0.15,NONE,False,False,0,True
95,20,S1,6.85,6.0,19.81,24.51,NORMAL,0.02,NONE,False,False,0,True
96,20,S2,6.53,6.34,20.73,25.17,NORMAL,0.12,NONE,False,False,0,True
97,20,S3,7.08,5.87,22.76,25.26,NORMAL,0.11,NONE,False,False,0,True
98,20,S4,6.91,5.67,20.18,25.44,NORMAL,0.15,NONE,False,False,0,True
99,20,S5,7.15,3.95,50.93,24.37,ANOMALY,0.85,S5,False,True,3,True
100,21,S1,7.03,6.24,21.41,23.63,NORMAL,0.23,NONE,False,False,0,True
101,21,S2,6.89,6.05,16.49,24.11,NORMAL,0.27,NONE,False,False,0,True
102,21,S3,6.98,6.17,20.38,23.4,NORMAL,0.25,NONE,False,False,0,True
103,21,S4,7.03,5.95,16.8,26.62,NORMAL,0.19,NONE,False,False,0,True
104,21,S5,6.87,5.96,19.08,24.67,NORMAL,0.07,NONE,False,False,0,True
105,22,S1,7.26,6.1,20.16,26.61,NORMAL,0.25,NONE,False,False,0,True
106,22,S2,7.05,6.38,21.36,23.84,NORMAL,0.2,NONE,False,False,0,True
107,22,S3,7.12,6.66,19.79,24.5,NORMAL,0.04,NONE,False,False,0,True
108,22,S4,6.98,5.94,20.4,24.81,NORMAL,0.23,NONE,False,False,0,True
109,22,S5,7.11,4.64,49.98,24.69,ANOMALY,0.97,S5,False,True,2,True
110,23,S1,7.09,6.84,21.19,24.63,NORMAL,0.18,NONE,False,False,0,True
111,23,S2,7.0,6.9,15.67,26.01,NORMAL,0.0,NONE,False,False,0,True
112,23,S3,6.83,3.46,49.3,24.79,ANOMALY,0.72,S3,False,True,3,True
113,23,S4,7.28,4.53,48.76,25.41,ANOMALY,0.86,S4,False,True,2,True
114,23,S5,7.12,4.31,51.32,26.15,ANOMALY,0.88,S5,False,True,2,True
115,24,S1,6.74,6.93,20.59,25.1,NORMAL,0.05,NONE,False,False,0,True
116,24,S2,6.97,5.66,17.04,24.17,NORMAL,0.21,NONE,False,False,0,True
117,24,S3,7.35,6.31,21.23,24.34,NORMAL,0.23,NONE,False,False,0,True
118,24,S4,6.83,6.17,19.73,25.3,NORMAL,0.25,NONE,False,False,0,True
119,24,S5,7.01,6.32,20.85,25.61,NORMAL,0.08,NONE,False,False,0,True
120,25,S1,7.12,6.35,21.12,22.65,NORMAL,0.23,NONE,False,False,0,True
121,25,S2,6.81,6.42,20.22,25.41,NORMAL,0.07,NONE,False,False,0,True
122,25,S3,7.17,6.45,16.21,24.92,NORMAL,0.0,NONE,False,False,0,True
123,25,S4,7.06,5.8,17.05,26.3,NORMAL,0.2,NONE,False,False,0,True
124,25,S5,6.83,6.03,19.1,24.94,NORMAL,0.23,NONE,False,False,0,True
125,26,S1,7.52,4.52,18.76,24.91,NORMAL,0.15,NONE,False,False,0,True
126,26,S2,7.24,4.23,49.27,24.49,ANOMALY,0.77,S2,False,True,2,True
127,26,S3,7.15,6.5,22.83,25.19,NORMAL,0.15,NONE,False,False,0,True
128,26,S4,7.0,6.03,21.47,25.99,NORMAL,0.23,NONE,False,False,0,True
129,26,S5,7.52,6.51,19.81,23.88,NORMAL,0.17,NONE,False,False,0,True
130,27,S1,7.14,6.02,21.95,27.31,NORMAL,0.26,NONE,False,False,0,True
131,27,S2,6.78,6.76,19.9,23.79,NORMAL,0.06,NONE,False,False,0,True
132,27,S3,7.05,5.88,18.17,25.03,NORMAL,0.26,NONE,False,False,0,True
133,27,S4,6.91,6.25,17.09,24.83,NORMAL,0.01,NONE,False,False,0,True
134,27,S5,6.96,5.15,21.99,26.55,NORMAL,0.18,NONE,False,False,0,True
135,28,S1,6.78,5.29,18.43,25.17,NORMAL,0.14,NONE,False,False,0,True
136,28,S2,7.09,6.7,22.62,24.52,NORMAL,0.22,NONE,False,False,0,True
137,28,S3,6.83,6.28,18.52,25.25,NORMAL,0.18,NONE,False,False,0,True
138,28,S4,7.3,5.95,21.35,25.77,NORMAL,0.06,NONE,False,False,0,True
139,28,S5,6.96,4.42,49.55,25.1,ANOMALY,0.96,S5,False,True,3,True
140,29,S1,6.69,6.16,18.65,25.9,NORMAL,0.21,NONE,False,False,0,True
141,29,S2,6.92,5.22,19.39,26.95,NORMAL,0.02,NONE,False,False,0,True
142,29,S3,6.69,5.11,21.14,25.66,NORMAL,0.09,NONE,False,False,0,True
143,29,S4,6.78,6.05,21.54,26.44,NORMAL,0.21,NONE,False,False,0,True
144,29,S5,7.02,5.46,22.97,23.91,NORMAL,0.16,NONE,False,False,0,True
145,30,S1,7.22,6.02,13.51,26.2,NORMAL,0.08,NONE,False,False,0,True
146,30,S2,7.19,6.0,19.41,24.28,NORMAL,0.0,NONE,False,False,0,True
147,30,S3,6.77,5.05,50.47,25.79,ANOMALY,0.95,S3,False,True,3,True
148,30,S4,6.98,5.25,19.09,25.62,NORMAL,0.26,NONE,False,False,0,True
149,30,S5,7.07,6.38,21.08,25.17,NORMAL,0.06,NONE,False,False,0,True
150,31,S1,6.88,6.16,22.86,25.29,NORMAL,0.2,NONE,False,False,0,True
151,31,S2,7.19,5.86,20.66,25.47,NORMAL,0.08,NONE,False,False,0,True
152,31,S3,7.21,6.01,22.05,23.23,NORMAL,0.26,NONE,False,False,0,True
153,31,S4,6.95,6.08,20.77,26.15,NORMAL,0.2,NONE,False,False,0,True
154,31,S5,7.21,7.03,21.08,25.33,NORMAL,0.02,NONE,False,False,0,True
155,32,S1,7.05,6.11,19.26,26.97,NORMAL,0.11,NONE,False,False,0,True
156,32,S2,7.31,6.48,22.14,25.29,NORMAL,0.28,NONE,False,False,0,True
157,32,S3,6.65,4.88,48.27,23.61,ANOMALY,0.77,S3,False,True,3,True
158,32,S4,7.18,6.15,24.38,25.33,NORMAL,0.16,NONE,False,False,0,True
159,32,S5,7.08,3.31,49.81,26.98,ANOMALY,0.91,S5,False,True,3,True
160,33,S1,7.0,5.83,18.64,25.05,NORMAL,0.26,NONE,False,False,0,True
161,33,S2,6.8,5.67,17.1,25.79,NORMAL,0.09,NONE,False,False,0,True
162,33,S3,6.92,5.69,20.41,24.19,NORMAL,0.01,NONE,False,False,0,True
163,33,S4,7.4,4.98,51.08,24.08,ANOMALY,0.76,S4,False,True,1,True
164,33,S5,7.18,5.39,17.49,25.84,NORMAL,0.15,NONE,False,False,0,True
165,34,S1,7.11,4.59,49.57,24.84,ANOMALY,0.73,S1,False,True,3,True
166,34,S2,7.45,6.07,20.31,26.81,NORMAL,0.14,NONE,False,False,0,True
167,34,S3,7.18,5.78,20.42,25.12,NORMAL,0.09,NONE,False,False,0,True
168,34,S4,6.75,4.2,52.64,24.2,ANOMALY,0.93,S4,False,True,3,True
169,34,S5,7.16,6.47,15.41,25.06,NORMAL,0.08,NONE,False,False,0,True
170,35,S1,7.14,6.24,18.32,26.18,NORMAL,0.03,NONE,False,False,0,True
171,35,S2,6.89,6.0,18.4,26.2,NORMAL,0.24,NONE,False,False,0,True
172,35,S3,6.77,5.56,22.07,25.5,NORMAL,0.15,NONE,False,False,0,True
173,35,S4,6.85,6.64,14.36,25.29,NORMAL,0.04,NONE,False,False,0,True
174,35,S5,7.04,6.16,21.59,26.19,NORMAL,0.16,NONE,False,False,0,True
175,36,S1,7.05,5.47,19.36,25.28,NORMAL,0.21,NONE,False,False,0,True
176,36,S2,6.97,6.4,21.98,24.1,NORMAL,0.28,NONE,False,False,0,True
177,36,S3,7.01,6.22,21.09,26.05,NORMAL,0.17,NONE,False,False,0,True
178,36,S4,7.13,7.08,17.61,26.16,NORMAL,0.16,NONE,False,False,0,True
179,36,S5,6.82,5.37,17.57,25.79,NORMAL,0.06,NONE,False,False,0,True
180,37,S1,7.09,5.84,22.31,23.55,NORMAL,0.21,NONE,False,False,0,True
181,37,S2,6.67,5.47,20.35,24.75,NORMAL,0.26,NONE,False,False,0,True
182,37,S3,7.03,6.19,20.42,26.05,NORMAL,0.2,NONE,False,False,0,True
183,37,S4,6.9,2.84,47.94,25.05,ANOMALY,0.78,S4,False,True,3,True
184,37,S5,7.08,4.04,49.93,24.24,ANOMALY,0.99,S5,False,True,1,True
185,38,S1,7.19,4.03,50.05,24.06,ANOMALY,0.76,S1,False,True,3,True
186,38,S2,7.29,5.33,21.48,25.25,NORMAL,0.18,NONE,False,False,0,True
187,38,S3,6.93,6.08,19.28,24.15,NORMAL,0.08,NONE,False,False,0,True
188,38,S4,7.28,6.02,22.84,25.14,NORMAL,0.07,NONE,False,False,0,True
189,38,S5,6.88,5.25,21.47,26.0,NORMAL,0.27,NONE,False,False,0,True
190,39,S1,7.12,6.53,22.5,24.87,NORMAL,0.21,NONE,False,False,0,True
191,39,S2,7.06,3.96,51.84,26.19,ANOMALY,0.96,S2,False,True,2,True
192,39,S3,7.03,5.53,22.32,25.77,NORMAL,0.01,NONE,False,False,0,True
193,39,S4,7.02,6.53,20.92,25.27,NORMAL,0.12,NONE,False,False,0,True
194,39,S5,7.31,6.86,18.93,22.78,NORMAL,0.06,NONE,False,False,0,True
195,40,S1,6.84,6.5,23.37,24.59,NORMAL,0.03,NONE,False,False,0,True
196,40,S2,6.79,3.06,45.74,25.25,ANOMALY,0.9,S2,False,True,2,True
197,40,S3,7.35,5.78,19.54,24.05,NORMAL,0.03,NONE,False,False,0,True
198,40,S4,7.19,5.95,21.66,26.66,NORMAL,0.03,NONE,False,False,0,True
199,40,S5,7.08,6.21,17.99,25.32,NORMAL,0.15,NONE,False,False,0,True
200,41,S1,7.01,6.52,23.37,24.57,NORMAL,0.16,NONE,False,False,0,True
201,41,S2,7.38,4.12,48.15,25.45,ANOMALY,0.74,S2,False,True,1,True
202,41,S3,6.84,6.01,21.06,25.9,NORMAL,0.23,NONE,False,False,0,True
203,41,S4,6.94,4.15,52.84,24.49,ANOMALY,0.77,S4,False,True,1,True
204,41,S5,7.32,6.9,21.37,23.32,NORMAL,0.29,NONE,False,False,0,True
205,42,S1,7.03,6.15,22.33,25.38,NORMAL,0.04,NONE,False,False,0,True
206,42,S2,6.76,4.18,47.75,24.29,ANOMALY,0.9,S2,False,True,3,True
207,42,S3,6.69,5.68,16.05,25.03,NORMAL,0.25,NONE,False,False,0,True
208,42,S4,6.74,4.43,47.67,27.69,ANOMALY,0.78,S4,False,True,3,True
209,42,S5,7.22,2.74,50.97,24.46,ANOMALY,0.77,S5,False,True,3,True
210,43,S1,6.88,5.72,15.5,22.59,NORMAL,0.21,NONE,False,False,0,True
211,43,S2,6.87,6.04,19.49,26.96,NORMAL,0.27,NONE,False,False,0,True
212,43,S3,7.12,5.93,19.52,24.18,NORMAL,0.0,NONE,False,False,0,True
213,43,S4,7.19,4.97,21.28,24.8,NORMAL,0.02,NONE,False,False,0,True
214,43,S5,7.11,6.23,23.19,26.22,NORMAL,0.11,NONE,False,False,0,True
215,44,S1,6.87,5.88,17.59,24.24,NORMAL,0.1,NONE,False,False,0,True
216,44,S2,7.08,6.49,21.11,24.16,NORMAL,0.22,NONE,False,False,0,True
217,44,S3,6.83,5.62,22.76,25.29,NORMAL,0.17,NONE,False,False,0,True
218,44,S4,7.36,6.71,19.62,26.57,NORMAL,0.24,NONE,False,False,0,True
219,44,S5,7.04,5.92,23.24,25.08,NORMAL,0.07,NONE,False,False,0,True
220,45,S1,6.79,6.2,19.63,25.66,NORMAL,0.11,NONE,False,False,0,True
221,45,S2,6.86,5.85,19.38,25.73,NORMAL,0.22,NONE,False,False,0,True
222,45,S3,7.12,6.96,19.16,24.23,NORMAL,0.09,NONE,False,False,0,True
223,45,S4,6.91,6.57,19.89,23.91,NORMAL,0.23,NONE,False,False,0,True
224,45,S5,7.2,5.96,22.06,24.41,NORMAL,0.06,NONE,False,False,0,True
225,46,S1,7.17,7.42,19.81,24.89,NORMAL,0.18,NONE,False,False,0,True
226,46,S2,7.08,6.28,18.49,25.35,NORMAL,0.25,NONE,False,False,0,True
227,46,S3,7.18,6.27,18.5,24.39,NORMAL,0.27,NONE,False,False,0,True
228,46,S4,7.08,3.87,51.6,23.37,ANOMALY,0.94,S4,False,True,2,True
229,46,S5,7.31,3.28,49.85,24.55,ANOMALY,0.76,S5,False,True,2,True
230,47,S1,7.14,4.64,23.28,24.02,NORMAL,0.22,NONE,False,False,0,True
231,47,S2,7.06,5.91,24.36,25.03,NORMAL,0.21,NONE,False,False,0,True
232,47,S3,7.02,5.75,21.11,25.1,NORMAL,0.03,NONE,False,False,0,True
233,47,S4,7.26,4.58,49.59,26.37,ANOMALY,0.88,S4,False,True,2,True
234,47,S5,7.13,6.31,18.99,22.78,NORMAL,0.23,NONE,False,False,0,True
235,48,S1,7.05,5.38,18.37,25.61,NORMAL,0.19,NONE,False,False,0,True
236,48,S2,6.85,3.52,48.85,26.49,ANOMALY,0.98,S2,False,True,1,True
237,48,S3,6.88,6.07,17.54,26.74,NORMAL,0.04,NONE,False,False,0,True
238,48,S4,7.17,5.89,19.83,26.28,NORMAL,0.21,NONE,False,False,0,True
239,48,S5,7.08,6.51,21.41,26.32,NORMAL,0.01,NONE,False,False,0,True
240,49,S1,7.12,6.27,19.81,26.7,NORMAL,0.23,NONE,False,False,0,True
241,49,S2,6.88,5.44,16.81,27.21,NORMAL,0.04,NONE,False,False,0,True
242,49,S3,6.76,6.21,17.88,23.83,NORMAL,0.15,NONE,False,False,0,True
243,49,S4,6.88,4.69,51.19,24.68,ANOMALY,0.83,S4,False,True,2,True
244,49,S5,7.13,6.03,17.24,26.01,NORMAL,0.3,NONE,False,False,0,True
245,50,S1,7.04,6.16,23.29,25.44,NORMAL,0.24,NONE,False,False,0,True
246,50,S2,6.83,5.3,22.2,23.53,NORMAL,0.24,NONE,False,False,0,True
247,50,S3,7.27,5.9,20.83,25.93,NORMAL,0.27,NONE,False,False,0,True
248,50,S4,6.62,6.34,22.78,25.22,NORMAL,0.29,NONE,False,False,0,True
249,50,S5,6.65,6.69,18.92,24.88,NORMAL,0.26,NONE,False,False,0,True
